TransportationOrderItemUUID,TransportationOrderUUID,TranspOrdItem,TranspOrdItemType,TranspOrdItemCategory,TranspOrdItemDesc,IsMainCargoItem,TranspOrdItemSorting,TranspOrdItemShippingCondition,Shipper,ShipperAddressID,Consignee,ConsigneeAddressID,TranspBaseDocument,TranspBaseDocumentType,TranspBaseDocumentItem,TranspBaseDocumentItemType,TranspOrdItemPackageID,ProductID,MaterialFreightGroup,TransportationGroup,TranspOrdItmMinTemp,TranspOrdItmMaxTemp,TranspOrdItemTemperatureUnit,TranspOrdItemQuantity,TranspOrdItemQuantityUnit,TranspOrdItemGrossWeight,TranspOrdItemGrossWeightUnit,TranspOrdItemGrossVolume,TranspOrdItemGrossVolumeUnit,TranspOrdItemNetWeight,TranspOrdItemNetWeightUnit,TranspOrdItemDngrsGdsSts
e0000000-0000-4000-8000-000000000001,d0000000-0000-4000-8000-000000000001,"","",PRD,"",false,"","","","","","","","","","","","","","",0,0,"",2,"",800,KG,3.2,M3,0,"",""
e0000000-0000-4000-8000-000000000002,d0000000-0000-4000-8000-000000000002,"","",PRD,"",false,"","","","","","","","","","","","","","",0,0,"",3,"",837,KG,3.3,M3,0,"",""
e0000000-0000-4000-8000-000000000003,d0000000-0000-4000-8000-000000000003,"","",PRD,"",false,"","","","","","","","","","","","","","",0,0,"",4,"",1048,KG,4.2,M3,0,"",""
e0000000-0000-4000-8000-000000000004,d0000000-0000-4000-8000-000000000004,"","",PRD,"",false,"","","","","","","","","","","","","","",0,0,"",5,"",874,KG,3.5,M3,0,"",""
e0000000-0000-4000-8000-000000000005,d0000000-0000-4000-8000-000000000005,"","",PRD,"",false,"","","","","","","","","","","","","","",0,0,"",6,"",948,KG,3.8,M3,0,"",""
e0000000-0000-4000-8000-000000000006,d0000000-0000-4000-8000-000000000006,"","",PRD,"",false,"","","","","","","","","","","","","","",0,0,"",7,"",985,KG,3.9,M3,0,"",""
e0000000-0000-4000-8000-000000000007,d0000000-0000-4000-8000-000000000007,"","",PRD,"",false,"","","","","","","","","","","","","","",0,0,"",8,"",1196,KG,4.8,M3,0,"",""
e0000000-0000-4000-8000-000000000008,d0000000-0000-4000-8000-000000000008,"","",PRD,"",false,"","","","","","","","","","","","","","",0,0,"",9,"",1022,KG,4.1,M3,0,"",""
e0000000-0000-4000-8000-000000000009,d0000000-0000-4000-8000-000000000009,"","",PRD,"",false,"","","","","","","","","","","","","","",0,0,"",10,"",1059,KG,4.2,M3,0,"",""
e0000000-0000-4000-8000-000000000010,d0000000-0000-4000-8000-000000000010,"","",PRD,"",false,"","","","","","","","","","","","","","",0,0,"",11,"",1270,KG,5.1,M3,0,"",""
e0000000-0000-4000-8000-000000000011,d0000000-0000-4000-8000-000000000011,"","",PRD,"",false,"","","","","","","","","","","","","","",0,0,"",12,"",1096,KG,4.4,M3,0,"",""
e0000000-0000-4000-8000-000000000012,d0000000-0000-4000-8000-000000000012,"","",PRD,"",false,"","","","","","","","","","","","","","",0,0,"",13,"",1133,KG,4.5,M3,0,"",""
e0000000-0000-4000-8000-000000000013,d0000000-0000-4000-8000-000000000013,"","",PRD,"",false,"","","","","","","","","","","","","","",0,0,"",14,"",1344,KG,5.4,M3,0,"",""
e0000000-0000-4000-8000-000000000014,d0000000-0000-4000-8000-000000000014,"","",PRD,"",false,"","","","","","","","","","","","","","",0,0,"",15,"",1170,KG,4.7,M3,0,"",""
e0000000-0000-4000-8000-000000000015,d0000000-0000-4000-8000-000000000015,"","",PRD,"",false,"","","","","","","","","","","","","","",0,0,"",16,"",1207,KG,4.8,M3,0,"",""
e0000000-0000-4000-8000-000000000016,d0000000-0000-4000-8000-000000000016,"","",PRD,"",false,"","","","","","","","","","","","","","",0,0,"",17,"",1418,KG,5.7,M3,0,"",""
e0000000-0000-4000-8000-000000000017,d0000000-0000-4000-8000-000000000017,"","",PRD,"",false,"","","","","","","","","","","","","","",0,0,"",18,"",1244,KG,5,M3,0,"",""
e0000000-0000-4000-8000-000000000018,d0000000-0000-4000-8000-000000000018,"","",PRD,"",false,"","","","","","","","","","","","","","",0,0,"",19,"",1281,KG,5.1,M3,0,"",""
e0000000-0000-4000-8000-000000000019,d0000000-0000-4000-8000-000000000019,"","",PRD,"",false,"","","","","","","","","","","","","","",0,0,"",20,"",1492,KG,6,M3,0,"",""
e0000000-0000-4000-8000-000000000020,d0000000-0000-4000-8000-000000000020,"","",PRD,"",false,"","","","","","","","","","","","","","",0,0,"",1,"",1318,KG,5.3,M3,0,"",""
e0000000-0000-4000-8000-000000000021,d0000000-0000-4000-8000-000000000021,"","",PRD,"",false,"","","","","","","","","","","","","","",0,0,"",2,"",1355,KG,5.4,M3,0,"",""
e0000000-0000-4000-8000-000000000022,d0000000-0000-4000-8000-000000000022,"","",PRD,"",false,"","","","","","","","","","","","","","",0,0,"",3,"",1566,KG,6.3,M3,0,"",""
e0000000-0000-4000-8000-000000000023,d0000000-0000-4000-8000-000000000023,"","",PRD,"",false,"","","","","","","","","","","","","","",0,0,"",4,"",1392,KG,5.6,M3,0,"",""
e0000000-0000-4000-8000-000000000024,d0000000-0000-4000-8000-000000000024,"","",PRD,"",false,"","","","","","","","","","","","","","",0,0,"",5,"",1466,KG,5.9,M3,0,"",""
e0000000-0000-4000-8000-000000000025,d0000000-0000-4000-8000-000000000025,"","",PRD,"",false,"","","","","","","","","","","","","","",0,0,"",6,"",1503,KG,6,M3,0,"",""
e0000000-0000-4000-8000-000000000026,d0000000-0000-4000-8000-000000000026,"","",PRD,"",false,"","","","","","","","","","","","","","",0,0,"",7,"",1714,KG,6.9,M3,0,"",""
e0000000-0000-4000-8000-000000000027,d0000000-0000-4000-8000-000000000027,"","",PRD,"",false,"","","","","","","","","","","","","","",0,0,"",8,"",1540,KG,6.2,M3,0,"",""
e0000000-0000-4000-8000-000000000028,d0000000-0000-4000-8000-000000000028,"","",PRD,"",false,"","","","","","","","","","","","","","",0,0,"",9,"",1577,KG,6.3,M3,0,"",""
e0000000-0000-4000-8000-000000000029,d0000000-0000-4000-8000-000000000029,"","",PRD,"",false,"","","","","","","","","","","","","","",0,0,"",10,"",1788,KG,7.2,M3,0,"",""
e0000000-0000-4000-8000-000000000030,d0000000-0000-4000-8000-000000000030,"","",PRD,"",false,"","","","","","","","","","","","","","",0,0,"",11,"",1614,KG,6.5,M3,0,"",""
e0000000-0000-4000-8000-000000000031,d0000000-0000-4000-8000-000000000031,"","",PRD,"",false,"","","","","","","","","","","","","","",0,0,"",12,"",1651,KG,6.6,M3,0,"",""
e0000000-0000-4000-8000-000000000032,d0000000-0000-4000-8000-000000000032,"","",PRD,"",false,"","","","","","","","","","","","","","",0,0,"",13,"",1862,KG,7.4,M3,0,"",""
e0000000-0000-4000-8000-000000000033,d0000000-0000-4000-8000-000000000033,"","",PRD,"",false,"","","","","","","","","","","","","","",0,0,"",14,"",1688,KG,6.8,M3,0,"",""
e0000000-0000-4000-8000-000000000034,d0000000-0000-4000-8000-000000000034,"","",PRD,"",false,"","","","","","","","","","","","","","",0,0,"",15,"",1725,KG,6.9,M3,0,"",""
e0000000-0000-4000-8000-000000000035,d0000000-0000-4000-8000-000000000035,"","",PRD,"",false,"","","","","","","","","","","","","","",0,0,"",16,"",1936,KG,7.7,M3,0,"",""
e0000000-0000-4000-8000-000000000036,d0000000-0000-4000-8000-000000000036,"","",PRD,"",false,"","","","","","","","","","","","","","",0,0,"",17,"",1762,KG,7,M3,0,"",""
e0000000-0000-4000-8000-000000000037,d0000000-0000-4000-8000-000000000037,"","",PRD,"",false,"","","","","","","","","","","","","","",0,0,"",18,"",1799,KG,7.2,M3,0,"",""
e0000000-0000-4000-8000-000000000038,d0000000-0000-4000-8000-000000000038,"","",PRD,"",false,"","","","","","","","","","","","","","",0,0,"",19,"",2010,KG,8,M3,0,"",""
e0000000-0000-4000-8000-000000000039,d0000000-0000-4000-8000-000000000039,"","",PRD,"",false,"","","","","","","","","","","","","","",0,0,"",20,"",1836,KG,7.3,M3,0,"",""
e0000000-0000-4000-8000-000000000040,d0000000-0000-4000-8000-000000000040,"","",PRD,"",false,"","","","","","","","","","","","","","",0,0,"",1,"",1910,KG,7.6,M3,0,"",""
e0000000-0000-4000-8000-000000000041,d0000000-0000-4000-8000-000000000041,"","",PRD,"",false,"","","","","","","","","","","","","","",0,0,"",2,"",1947,KG,7.8,M3,0,"",""
e0000000-0000-4000-8000-000000000042,d0000000-0000-4000-8000-000000000042,"","",PRD,"",false,"","","","","","","","","","","","","","",0,0,"",3,"",2158,KG,8.6,M3,0,"",""
