TransportationOrderUUID,TransportationOrder,TransportationOrderType,TransportationOrderCategory,TransportationMode,TransportationModeCategory,Shipper,ShipperAddressID,Consignee,ConsigneeAddressID,TranspOrdResponsiblePerson,TranspOrdLifeCycleStatus,TranspOrderDngrsGdsSts,TranspOrdPlanningBlock,TranspOrdExecutionIsBlocked,TranspOrdGoodsMovementStatus,TranspOrdPlanningStatus,TranspOrdWhseProcessingStatus,TransportationOrderCrtnType,CreatedByUser,LastChangedByUser
d0000000-0000-4000-8000-000000000001,4100000001,FU01,FU,"",1,"","","","","",02,"","",false,"","","","","",""
d0000000-0000-4000-8000-000000000002,4100000002,FU01,FU,"",1,"","","","","",02,"","",false,"","","","","",""
d0000000-0000-4000-8000-000000000003,4100000003,FU01,FU,"",1,"","","","","",02,"","",false,"","","","","",""
d0000000-0000-4000-8000-000000000004,4100000004,FU01,FU,"",1,"","","","","",02,"","",false,"","","","","",""
d0000000-0000-4000-8000-000000000005,4100000005,FU01,FU,"",1,"","","","","",02,"","",false,"","","","","",""
d0000000-0000-4000-8000-000000000006,4100000006,FU01,FU,"",1,"","","","","",02,"","",false,"","","","","",""
d0000000-0000-4000-8000-000000000007,4100000007,FU01,FU,"",1,"","","","","",02,"","",false,"","","","","",""
d0000000-0000-4000-8000-000000000008,4100000008,FU01,FU,"",1,"","","","","",02,"","",false,"","","","","",""
d0000000-0000-4000-8000-000000000009,4100000009,FU01,FU,"",1,"","","","","",02,"","",false,"","","","","",""
d0000000-0000-4000-8000-000000000010,4100000010,FU01,FU,"",1,"","","","","",02,"","",false,"","","","","",""
d0000000-0000-4000-8000-000000000011,4100000011,FU01,FU,"",1,"","","","","",02,"","",false,"","","","","",""
d0000000-0000-4000-8000-000000000012,4100000012,FU01,FU,"",1,"","","","","",02,"","",false,"","","","","",""
d0000000-0000-4000-8000-000000000013,4100000013,FU01,FU,"",1,"","","","","",02,"","",false,"","","","","",""
d0000000-0000-4000-8000-000000000014,4100000014,FU01,FU,"",1,"","","","","",02,"","",false,"","","","","",""
d0000000-0000-4000-8000-000000000015,4100000015,FU01,FU,"",1,"","","","","",02,"","",false,"","","","","",""
d0000000-0000-4000-8000-000000000016,4100000016,FU01,FU,"",1,"","","","","",02,"","",false,"","","","","",""
d0000000-0000-4000-8000-000000000017,4100000017,FU01,FU,"",1,"","","","","",02,"","",false,"","","","","",""
d0000000-0000-4000-8000-000000000018,4100000018,FU01,FU,"",1,"","","","","",02,"","",false,"","","","","",""
d0000000-0000-4000-8000-000000000019,4100000019,FU01,FU,"",1,"","","","","",02,"","",false,"","","","","",""
d0000000-0000-4000-8000-000000000020,4100000020,FU01,FU,"",1,"","","","","",02,"","",false,"","","","","",""
d0000000-0000-4000-8000-000000000021,4100000021,FU01,FU,"",1,"","","","","",02,"","",false,"","","","","",""
d0000000-0000-4000-8000-000000000022,4100000022,FU01,FU,"",1,"","","","","",02,"","",false,"","","","","",""
d0000000-0000-4000-8000-000000000023,4100000023,FU01,FU,"",1,"","","","","",02,"","",false,"","","","","",""
d0000000-0000-4000-8000-000000000024,4100000024,FU01,FU,"",1,"","","","","",02,"","",false,"","","","","",""
d0000000-0000-4000-8000-000000000025,4100000025,FU01,FU,"",1,"","","","","",02,"","",false,"","","","","",""
d0000000-0000-4000-8000-000000000026,4100000026,FU01,FU,"",1,"","","","","",02,"","",false,"","","","","",""
d0000000-0000-4000-8000-000000000027,4100000027,FU01,FU,"",1,"","","","","",02,"","",false,"","","","","",""
d0000000-0000-4000-8000-000000000028,4100000028,FU01,FU,"",1,"","","","","",02,"","",false,"","","","","",""
d0000000-0000-4000-8000-000000000029,4100000029,FU01,FU,"",1,"","","","","",02,"","",false,"","","","","",""
d0000000-0000-4000-8000-000000000030,4100000030,FU01,FU,"",1,"","","","","",02,"","",false,"","","","","",""
d0000000-0000-4000-8000-000000000031,4100000031,FU01,FU,"",1,"","","","","",02,"","",false,"","","","","",""
d0000000-0000-4000-8000-000000000032,4100000032,FU01,FU,"",1,"","","","","",02,"","",false,"","","","","",""
d0000000-0000-4000-8000-000000000033,4100000033,FU01,FU,"",1,"","","","","",02,"","",false,"","","","","",""
d0000000-0000-4000-8000-000000000034,4100000034,FU01,FU,"",1,"","","","","",02,"","",false,"","","","","",""
d0000000-0000-4000-8000-000000000035,4100000035,FU01,FU,"",1,"","","","","",02,"","",false,"","","","","",""
d0000000-0000-4000-8000-000000000036,4100000036,FU01,FU,"",1,"","","","","",02,"","",false,"","","","","",""
d0000000-0000-4000-8000-000000000037,4100000037,FU01,FU,"",1,"","","","","",02,"","",false,"","","","","",""
d0000000-0000-4000-8000-000000000038,4100000038,FU01,FU,"",1,"","","","","",02,"","",false,"","","","","",""
d0000000-0000-4000-8000-000000000039,4100000039,FU01,FU,"",1,"","","","","",02,"","",false,"","","","","",""
d0000000-0000-4000-8000-000000000040,4100000040,FU01,FU,"",1,"","","","","",02,"","",false,"","","","","",""
d0000000-0000-4000-8000-000000000041,4100000041,FU01,FU,"",1,"","","","","",02,"","",false,"","","","","",""
d0000000-0000-4000-8000-000000000042,4100000042,FU01,FU,"",1,"","","","","",02,"","",false,"","","","","",""
