TransportationOrderItemUUID,TransportationOrderUUID,TranspOrdItem,TranspOrdItemType,TranspOrdItemCategory,TranspOrdItemDesc,IsMainCargoItem,TranspOrdItemSorting,Shipper,ShipperAddressID,Consignee,ConsigneeAddressID,FreightUnitUUID,TranspBaseDocument,TranspBaseDocumentType,TranspBaseDocumentItem,TranspBaseDocumentItemType,TransportationEquipmentGroup,TransportationEquipmentType,TranspEquipmentIsShipperOwned,TranspEquipmentPlateNumber,TranspEquipRegistrationCountry,TranspEquipCapacityLength,TranspEquipCapacityWidth,TranspEquipCapacityHeight,TranspEquipCapacityUnit,TranspEquipCapacityWeight,TranspEquipCapacityWeightUnit,TranspEquipCapacityVolume,TranspEquipCapacityVolumeUnit,TranspOrdItemPackageID,ProductID,MaterialFreightGroup,TransportationGroup,TranspOrdItmMinTemp,TranspOrdItmMaxTemp,TranspOrdItemTemperatureUnit,TranspOrdItemQuantity,TranspOrdItemQuantityUnit,TranspOrdItemGrossWeight,TranspOrdItemGrossWeightUnit,TranspOrdItemGrossVolume,TranspOrdItemGrossVolumeUnit,TranspOrdItemNetWeight,TranspOrdItemNetWeightUnit,TranspOrdItemDngrsGdsSts
c0000000-0000-4000-8000-000000000001,a0000000-0000-4000-8000-000000000001,"","",PRD,"",false,"","","","","",d0000000-0000-4000-8000-000000000001,"","","","","","",false,"","",0,0,0,"",0,"",0,"","","","","",0,0,"",0,"",800,KG,3.2,M3,0,"",""
c0000000-0000-4000-8000-000000000002,a0000000-0000-4000-8000-000000000002,"","",PRD,"",false,"","","","","",d0000000-0000-4000-8000-000000000002,"","","","","","",false,"","",0,0,0,"",0,"",0,"","","","","",0,0,"",0,"",837,KG,3.3,M3,0,"",""
c0000000-0000-4000-8000-000000000003,a0000000-0000-4000-8000-000000000002,"","",PRD,"",false,"","","","","",d0000000-0000-4000-8000-000000000003,"","","","","","",false,"","",0,0,0,"",0,"",0,"","","","","",0,0,"",0,"",1048,KG,4.2,M3,0,"",""
c0000000-0000-4000-8000-000000000004,a0000000-0000-4000-8000-000000000003,"","",PRD,"",false,"","","","","",d0000000-0000-4000-8000-000000000004,"","","","","","",false,"","",0,0,0,"",0,"",0,"","","","","",0,0,"",0,"",874,KG,3.5,M3,0,"",""
c0000000-0000-4000-8000-000000000005,a0000000-0000-4000-8000-000000000005,"","",PRD,"",false,"","","","","",d0000000-0000-4000-8000-000000000005,"","","","","","",false,"","",0,0,0,"",0,"",0,"","","","","",0,0,"",0,"",948,KG,3.8,M3,0,"",""
c0000000-0000-4000-8000-000000000006,a0000000-0000-4000-8000-000000000006,"","",PRD,"",false,"","","","","",d0000000-0000-4000-8000-000000000006,"","","","","","",false,"","",0,0,0,"",0,"",0,"","","","","",0,0,"",0,"",985,KG,3.9,M3,0,"",""
c0000000-0000-4000-8000-000000000007,a0000000-0000-4000-8000-000000000006,"","",PRD,"",false,"","","","","",d0000000-0000-4000-8000-000000000007,"","","","","","",false,"","",0,0,0,"",0,"",0,"","","","","",0,0,"",0,"",1196,KG,4.8,M3,0,"",""
c0000000-0000-4000-8000-000000000008,a0000000-0000-4000-8000-000000000007,"","",PRD,"",false,"","","","","",d0000000-0000-4000-8000-000000000008,"","","","","","",false,"","",0,0,0,"",0,"",0,"","","","","",0,0,"",0,"",1022,KG,4.1,M3,0,"",""
c0000000-0000-4000-8000-000000000009,a0000000-0000-4000-8000-000000000008,"","",PRD,"",false,"","","","","",d0000000-0000-4000-8000-000000000009,"","","","","","",false,"","",0,0,0,"",0,"",0,"","","","","",0,0,"",0,"",1059,KG,4.2,M3,0,"",""
c0000000-0000-4000-8000-000000000010,a0000000-0000-4000-8000-000000000008,"","",PRD,"",false,"","","","","",d0000000-0000-4000-8000-000000000010,"","","","","","",false,"","",0,0,0,"",0,"",0,"","","","","",0,0,"",0,"",1270,KG,5.1,M3,0,"",""
c0000000-0000-4000-8000-000000000011,a0000000-0000-4000-8000-000000000009,"","",PRD,"",false,"","","","","",d0000000-0000-4000-8000-000000000011,"","","","","","",false,"","",0,0,0,"",0,"",0,"","","","","",0,0,"",0,"",1096,KG,4.4,M3,0,"",""
c0000000-0000-4000-8000-000000000012,a0000000-0000-4000-8000-000000000010,"","",PRD,"",false,"","","","","",d0000000-0000-4000-8000-000000000012,"","","","","","",false,"","",0,0,0,"",0,"",0,"","","","","",0,0,"",0,"",1133,KG,4.5,M3,0,"",""
c0000000-0000-4000-8000-000000000013,a0000000-0000-4000-8000-000000000010,"","",PRD,"",false,"","","","","",d0000000-0000-4000-8000-000000000013,"","","","","","",false,"","",0,0,0,"",0,"",0,"","","","","",0,0,"",0,"",1344,KG,5.4,M3,0,"",""
c0000000-0000-4000-8000-000000000014,a0000000-0000-4000-8000-000000000011,"","",PRD,"",false,"","","","","",d0000000-0000-4000-8000-000000000014,"","","","","","",false,"","",0,0,0,"",0,"",0,"","","","","",0,0,"",0,"",1170,KG,4.7,M3,0,"",""
c0000000-0000-4000-8000-000000000015,a0000000-0000-4000-8000-000000000012,"","",PRD,"",false,"","","","","",d0000000-0000-4000-8000-000000000015,"","","","","","",false,"","",0,0,0,"",0,"",0,"","","","","",0,0,"",0,"",1207,KG,4.8,M3,0,"",""
c0000000-0000-4000-8000-000000000016,a0000000-0000-4000-8000-000000000012,"","",PRD,"",false,"","","","","",d0000000-0000-4000-8000-000000000016,"","","","","","",false,"","",0,0,0,"",0,"",0,"","","","","",0,0,"",0,"",1418,KG,5.7,M3,0,"",""
c0000000-0000-4000-8000-000000000017,a0000000-0000-4000-8000-000000000013,"","",PRD,"",false,"","","","","",d0000000-0000-4000-8000-000000000017,"","","","","","",false,"","",0,0,0,"",0,"",0,"","","","","",0,0,"",0,"",1244,KG,5,M3,0,"",""
c0000000-0000-4000-8000-000000000018,a0000000-0000-4000-8000-000000000014,"","",PRD,"",false,"","","","","",d0000000-0000-4000-8000-000000000018,"","","","","","",false,"","",0,0,0,"",0,"",0,"","","","","",0,0,"",0,"",1281,KG,5.1,M3,0,"",""
c0000000-0000-4000-8000-000000000019,a0000000-0000-4000-8000-000000000014,"","",PRD,"",false,"","","","","",d0000000-0000-4000-8000-000000000019,"","","","","","",false,"","",0,0,0,"",0,"",0,"","","","","",0,0,"",0,"",1492,KG,6,M3,0,"",""
c0000000-0000-4000-8000-000000000020,a0000000-0000-4000-8000-000000000015,"","",PRD,"",false,"","","","","",d0000000-0000-4000-8000-000000000020,"","","","","","",false,"","",0,0,0,"",0,"",0,"","","","","",0,0,"",0,"",1318,KG,5.3,M3,0,"",""
c0000000-0000-4000-8000-000000000021,a0000000-0000-4000-8000-000000000016,"","",PRD,"",false,"","","","","",d0000000-0000-4000-8000-000000000021,"","","","","","",false,"","",0,0,0,"",0,"",0,"","","","","",0,0,"",0,"",1355,KG,5.4,M3,0,"",""
c0000000-0000-4000-8000-000000000022,a0000000-0000-4000-8000-000000000016,"","",PRD,"",false,"","","","","",d0000000-0000-4000-8000-000000000022,"","","","","","",false,"","",0,0,0,"",0,"",0,"","","","","",0,0,"",0,"",1566,KG,6.3,M3,0,"",""
c0000000-0000-4000-8000-000000000023,a0000000-0000-4000-8000-000000000017,"","",PRD,"",false,"","","","","",d0000000-0000-4000-8000-000000000023,"","","","","","",false,"","",0,0,0,"",0,"",0,"","","","","",0,0,"",0,"",1392,KG,5.6,M3,0,"",""
c0000000-0000-4000-8000-000000000024,a0000000-0000-4000-8000-000000000019,"","",PRD,"",false,"","","","","",d0000000-0000-4000-8000-000000000024,"","","","","","",false,"","",0,0,0,"",0,"",0,"","","","","",0,0,"",0,"",1466,KG,5.9,M3,0,"",""
c0000000-0000-4000-8000-000000000025,a0000000-0000-4000-8000-000000000020,"","",PRD,"",false,"","","","","",d0000000-0000-4000-8000-000000000025,"","","","","","",false,"","",0,0,0,"",0,"",0,"","","","","",0,0,"",0,"",1503,KG,6,M3,0,"",""
c0000000-0000-4000-8000-000000000026,a0000000-0000-4000-8000-000000000020,"","",PRD,"",false,"","","","","",d0000000-0000-4000-8000-000000000026,"","","","","","",false,"","",0,0,0,"",0,"",0,"","","","","",0,0,"",0,"",1714,KG,6.9,M3,0,"",""
c0000000-0000-4000-8000-000000000027,a0000000-0000-4000-8000-000000000021,"","",PRD,"",false,"","","","","",d0000000-0000-4000-8000-000000000027,"","","","","","",false,"","",0,0,0,"",0,"",0,"","","","","",0,0,"",0,"",1540,KG,6.2,M3,0,"",""
c0000000-0000-4000-8000-000000000028,a0000000-0000-4000-8000-000000000022,"","",PRD,"",false,"","","","","",d0000000-0000-4000-8000-000000000028,"","","","","","",false,"","",0,0,0,"",0,"",0,"","","","","",0,0,"",0,"",1577,KG,6.3,M3,0,"",""
c0000000-0000-4000-8000-000000000029,a0000000-0000-4000-8000-000000000022,"","",PRD,"",false,"","","","","",d0000000-0000-4000-8000-000000000029,"","","","","","",false,"","",0,0,0,"",0,"",0,"","","","","",0,0,"",0,"",1788,KG,7.2,M3,0,"",""
c0000000-0000-4000-8000-000000000030,a0000000-0000-4000-8000-000000000023,"","",PRD,"",false,"","","","","",d0000000-0000-4000-8000-000000000030,"","","","","","",false,"","",0,0,0,"",0,"",0,"","","","","",0,0,"",0,"",1614,KG,6.5,M3,0,"",""
c0000000-0000-4000-8000-000000000031,a0000000-0000-4000-8000-000000000024,"","",PRD,"",false,"","","","","",d0000000-0000-4000-8000-000000000031,"","","","","","",false,"","",0,0,0,"",0,"",0,"","","","","",0,0,"",0,"",1651,KG,6.6,M3,0,"",""
c0000000-0000-4000-8000-000000000032,a0000000-0000-4000-8000-000000000024,"","",PRD,"",false,"","","","","",d0000000-0000-4000-8000-000000000032,"","","","","","",false,"","",0,0,0,"",0,"",0,"","","","","",0,0,"",0,"",1862,KG,7.4,M3,0,"",""
c0000000-0000-4000-8000-000000000033,a0000000-0000-4000-8000-000000000025,"","",PRD,"",false,"","","","","",d0000000-0000-4000-8000-000000000033,"","","","","","",false,"","",0,0,0,"",0,"",0,"","","","","",0,0,"",0,"",1688,KG,6.8,M3,0,"",""
c0000000-0000-4000-8000-000000000034,a0000000-0000-4000-8000-000000000026,"","",PRD,"",false,"","","","","",d0000000-0000-4000-8000-000000000034,"","","","","","",false,"","",0,0,0,"",0,"",0,"","","","","",0,0,"",0,"",1725,KG,6.9,M3,0,"",""
c0000000-0000-4000-8000-000000000035,a0000000-0000-4000-8000-000000000026,"","",PRD,"",false,"","","","","",d0000000-0000-4000-8000-000000000035,"","","","","","",false,"","",0,0,0,"",0,"",0,"","","","","",0,0,"",0,"",1936,KG,7.7,M3,0,"",""
c0000000-0000-4000-8000-000000000036,a0000000-0000-4000-8000-000000000027,"","",PRD,"",false,"","","","","",d0000000-0000-4000-8000-000000000036,"","","","","","",false,"","",0,0,0,"",0,"",0,"","","","","",0,0,"",0,"",1762,KG,7,M3,0,"",""
c0000000-0000-4000-8000-000000000037,a0000000-0000-4000-8000-000000000028,"","",PRD,"",false,"","","","","",d0000000-0000-4000-8000-000000000037,"","","","","","",false,"","",0,0,0,"",0,"",0,"","","","","",0,0,"",0,"",1799,KG,7.2,M3,0,"",""
c0000000-0000-4000-8000-000000000038,a0000000-0000-4000-8000-000000000028,"","",PRD,"",false,"","","","","",d0000000-0000-4000-8000-000000000038,"","","","","","",false,"","",0,0,0,"",0,"",0,"","","","","",0,0,"",0,"",2010,KG,8,M3,0,"",""
c0000000-0000-4000-8000-000000000039,a0000000-0000-4000-8000-000000000029,"","",PRD,"",false,"","","","","",d0000000-0000-4000-8000-000000000039,"","","","","","",false,"","",0,0,0,"",0,"",0,"","","","","",0,0,"",0,"",1836,KG,7.3,M3,0,"",""
c0000000-0000-4000-8000-000000000040,a0000000-0000-4000-8000-000000000031,"","",PRD,"",false,"","","","","",d0000000-0000-4000-8000-000000000040,"","","","","","",false,"","",0,0,0,"",0,"",0,"","","","","",0,0,"",0,"",1910,KG,7.6,M3,0,"",""
c0000000-0000-4000-8000-000000000041,a0000000-0000-4000-8000-000000000032,"","",PRD,"",false,"","","","","",d0000000-0000-4000-8000-000000000041,"","","","","","",false,"","",0,0,0,"",0,"",0,"","","","","",0,0,"",0,"",1947,KG,7.8,M3,0,"",""
c0000000-0000-4000-8000-000000000042,a0000000-0000-4000-8000-000000000032,"","",PRD,"",false,"","","","","",d0000000-0000-4000-8000-000000000042,"","","","","","",false,"","",0,0,0,"",0,"",0,"","","","","",0,0,"",0,"",2158,KG,8.6,M3,0,"",""
