TransportationOrderUUID,TransportationOrder,TransportationOrderType,TransportationOrderCategory,TransportationShippingType,TransportationMode,TransportationModeCategory,Carrier,StandardCarrierAlphaCode,TranspOrdExecutingCarrier,Shipper,ShipperAddressID,Consignee,ConsigneeAddressID,TranspPurgOrg,TranspPurgOrgExtID,TranspPurgGroup,TranspPurgGroupExtID,PurgOrgCompanyCode,CarrierAccountNumber,TranspMeansOfTransport,TranspOrdPartnerReference,TranspOrdResponsiblePerson,TranspOrdHasMltplExectgPties,TranspOrdInvoicingCarrierLevel,TranspOrdLifeCycleStatus,TranspOrderSubcontrgSts,TransportationOrderConfSts,TransportationOrderExecSts,TranspOrdGoodsMovementStatus,TranspOrdWhseProcessingStatus,TranspOrderDngrsGdsSts,TranspOrdExecutionIsBlocked,TransportationOrderCrtnType,CreatedByUser,LastChangedByUser
a0000000-0000-4000-8000-000000000001,6100000001,FO01,TO,"",01,1,10300001,"","","","","","","","","","","","","","","",false,"",01,"","","","","","",false,"","",""
a0000000-0000-4000-8000-000000000002,6100000002,FO01,TO,"",01,1,"","","","","","","","","","","","","","","","",false,"",01,"","","","","","",false,"","",""
a0000000-0000-4000-8000-000000000003,6100000003,FO01,TO,"",01,1,"","","","","","","","","","","","","","","","",false,"",01,"","","","","","",false,"","",""
a0000000-0000-4000-8000-000000000004,6100000004,FO01,TO,"",01,1,"","","","","","","","","","","","","","","","",false,"",01,"","","","","","",false,"","",""
a0000000-0000-4000-8000-000000000005,6100000005,FO01,TO,"",01,1,"","","","","","","","","","","","","","","","",false,"",01,"","","","","","",false,"","",""
a0000000-0000-4000-8000-000000000006,6100000006,FO01,TO,"",01,1,10300006,"","","","","","","","","","","","","","","",false,"",01,"","","","","","",false,"","",""
a0000000-0000-4000-8000-000000000007,6100000007,FO01,TO,"",01,1,"","","","","","","","","","","","","","","","",false,"",01,"","","","","","",false,"","",""
a0000000-0000-4000-8000-000000000008,6100000008,FO01,TO,"",01,1,"","","","","","","","","","","","","","","","",false,"",01,"","","","","","",false,"","",""
a0000000-0000-4000-8000-000000000009,6100000009,FO01,TO,"",01,1,"","","","","","","","","","","","","","","","",false,"",01,"","","","","","",false,"","",""
a0000000-0000-4000-8000-000000000010,6100000010,FO01,TO,"",01,1,"","","","","","","","","","","","","","","","",false,"",01,"","","","","","",false,"","",""
a0000000-0000-4000-8000-000000000011,6100000011,FO01,TO,"",01,1,10300011,"","","","","","","","","","","","","","","",false,"",01,"","","","","","",false,"","",""
a0000000-0000-4000-8000-000000000012,6100000012,FO01,TO,"",01,1,"","","","","","","","","","","","","","","","",false,"",01,"","","","","","",false,"","",""
a0000000-0000-4000-8000-000000000013,6100000013,FO01,TO,"",01,1,"","","","","","","","","","","","","","","","",false,"",01,"","","","","","",false,"","",""
a0000000-0000-4000-8000-000000000014,6100000014,FO01,TO,"",01,1,"","","","","","","","","","","","","","","","",false,"",01,"","","","","","",false,"","",""
a0000000-0000-4000-8000-000000000015,6100000015,FO01,TO,"",01,1,"","","","","","","","","","","","","","","","",false,"",01,"","","","","","",false,"","",""
a0000000-0000-4000-8000-000000000016,6100000016,FO01,TO,"",01,1,10300004,"","","","","","","","","","","","","","","",false,"",01,"","","","","","",false,"","",""
a0000000-0000-4000-8000-000000000017,6100000017,FO01,TO,"",01,1,"","","","","","","","","","","","","","","","",false,"",01,"","","","","","",false,"","",""
a0000000-0000-4000-8000-000000000018,6100000018,FO01,TO,"",01,1,"","","","","","","","","","","","","","","","",false,"",01,"","","","","","",false,"","",""
a0000000-0000-4000-8000-000000000019,6100000019,FO01,TO,"",01,1,"","","","","","","","","","","","","","","","",false,"",01,"","","","","","",false,"","",""
a0000000-0000-4000-8000-000000000020,6100000020,FO01,TO,"",01,1,"","","","","","","","","","","","","","","","",false,"",01,"","","","","","",false,"","",""
a0000000-0000-4000-8000-000000000021,6100000021,FO01,TO,"",01,1,10300009,"","","","","","","","","","","","","","","",false,"",01,"","","","","","",false,"","",""
a0000000-0000-4000-8000-000000000022,6100000022,FO01,TO,"",01,1,"","","","","","","","","","","","","","","","",false,"",01,"","","","","","",false,"","",""
a0000000-0000-4000-8000-000000000023,6100000023,FO01,TO,"",01,1,"","","","","","","","","","","","","","","","",false,"",01,"","","","","","",false,"","",""
a0000000-0000-4000-8000-000000000024,6100000024,FO01,TO,"",01,1,"","","","","","","","","","","","","","","","",false,"",01,"","","","","","",false,"","",""
a0000000-0000-4000-8000-000000000025,6100000025,FO01,TO,"",01,1,"","","","","","","","","","","","","","","","",false,"",01,"","","","","","",false,"","",""
a0000000-0000-4000-8000-000000000026,6100000026,FO01,TO,"",01,1,10300002,"","","","","","","","","","","","","","","",false,"",01,"","","","","","",false,"","",""
a0000000-0000-4000-8000-000000000027,6100000027,FO01,TO,"",01,1,"","","","","","","","","","","","","","","","",false,"",01,"","","","","","",false,"","",""
a0000000-0000-4000-8000-000000000028,6100000028,FO01,TO,"",01,1,"","","","","","","","","","","","","","","","",false,"",01,"","","","","","",false,"","",""
a0000000-0000-4000-8000-000000000029,6100000029,FO01,TO,"",01,1,"","","","","","","","","","","","","","","","",false,"",01,"","","","","","",false,"","",""
a0000000-0000-4000-8000-000000000030,6100000030,FO01,TO,"",01,1,"","","","","","","","","","","","","","","","",false,"",01,"","","","","","",false,"","",""
a0000000-0000-4000-8000-000000000031,6100000031,FO01,TO,"",01,1,10300007,"","","","","","","","","","","","","","","",false,"",01,"","","","","","",false,"","",""
a0000000-0000-4000-8000-000000000032,6100000032,FO01,TO,"",01,1,"","","","","","","","","","","","","","","","",false,"",01,"","","","","","",false,"","",""
