TransportationOrderStopUUID,TransportationOrderUUID,TransportationOrderStop,TranspOrdStopCategory,TranspOrdStopRole,LocationId,LocationUNCode,LocationIATACode,TranspOrdStopPlanTranspDteTme,TranspOrdStopSequencePosition,TranspOrdStopHndlgExecStatus,TranspOrdStopExecIsBlocked
b0000000-0000-4000-8000-000000000001,a0000000-0000-4000-8000-000000000001,0000000010,O,TF,HAM_DC,"","",2026-09-22T06:00:00Z,F,"",false
b0000000-0000-4000-8000-000000000002,a0000000-0000-4000-8000-000000000001,0000000020,I,TL,MUC_PLANT,"","",2026-09-22T16:00:00Z,L,"",false
b0000000-0000-4000-8000-000000000003,a0000000-0000-4000-8000-000000000002,0000000010,O,TF,FRA_HUB,"","",2026-09-22T07:00:00Z,F,"",false
b0000000-0000-4000-8000-000000000004,a0000000-0000-4000-8000-000000000002,0000000020,I,TL,BER_DC,"","",2026-09-22T15:00:00Z,L,"",false
b0000000-0000-4000-8000-000000000005,a0000000-0000-4000-8000-000000000003,0000000010,O,TF,DUS_PLANT,"","",2026-09-23T08:00:00Z,F,"",false
b0000000-0000-4000-8000-000000000006,a0000000-0000-4000-8000-000000000003,0000000020,I,TL,STR_DC,"","",2026-09-23T14:00:00Z,L,"",false
b0000000-0000-4000-8000-000000000007,a0000000-0000-4000-8000-000000000004,0000000010,O,TF,HAM_PORT,"","",2026-09-24T09:00:00Z,F,"",false
b0000000-0000-4000-8000-000000000008,a0000000-0000-4000-8000-000000000004,0000000020,I,TL,LEI_DC,"","",2026-09-24T14:00:00Z,L,"",false
b0000000-0000-4000-8000-000000000009,a0000000-0000-4000-8000-000000000005,0000000010,O,TF,MUC_PLANT,"","",2026-09-25T10:00:00Z,F,"",false
b0000000-0000-4000-8000-000000000010,a0000000-0000-4000-8000-000000000005,0000000020,I,TL,VIE_CUST,"","",2026-09-25T17:00:00Z,L,"",false
b0000000-0000-4000-8000-000000000011,a0000000-0000-4000-8000-000000000006,0000000010,O,TF,CGN_DC,"","",2026-09-26T11:00:00Z,F,"",false
b0000000-0000-4000-8000-000000000012,a0000000-0000-4000-8000-000000000006,0000000020,I,TL,RTM_PORT,"","",2026-09-26T15:00:00Z,L,"",false
b0000000-0000-4000-8000-000000000013,a0000000-0000-4000-8000-000000000007,0000000010,O,TF,HAM_DC,"","",2026-09-27T12:00:00Z,F,"",false
b0000000-0000-4000-8000-000000000014,a0000000-0000-4000-8000-000000000007,0000000020,I,TL,MUC_PLANT,"","",2026-09-27T22:00:00Z,L,"",false
b0000000-0000-4000-8000-000000000015,a0000000-0000-4000-8000-000000000008,0000000010,O,TF,FRA_HUB,"","",2026-09-28T13:00:00Z,F,"",false
b0000000-0000-4000-8000-000000000016,a0000000-0000-4000-8000-000000000008,0000000020,I,TL,BER_DC,"","",2026-09-28T21:00:00Z,L,"",false
b0000000-0000-4000-8000-000000000017,a0000000-0000-4000-8000-000000000009,0000000010,O,TF,DUS_PLANT,"","",2026-09-29T06:00:00Z,F,"",false
b0000000-0000-4000-8000-000000000018,a0000000-0000-4000-8000-000000000009,0000000020,I,TL,STR_DC,"","",2026-09-29T12:00:00Z,L,"",false
b0000000-0000-4000-8000-000000000019,a0000000-0000-4000-8000-000000000010,0000000010,O,TF,HAM_PORT,"","",2026-09-29T07:00:00Z,F,"",false
b0000000-0000-4000-8000-000000000020,a0000000-0000-4000-8000-000000000010,0000000020,I,TL,LEI_DC,"","",2026-09-29T12:00:00Z,L,"",false
b0000000-0000-4000-8000-000000000021,a0000000-0000-4000-8000-000000000011,0000000010,O,TF,MUC_PLANT,"","",2026-09-30T08:00:00Z,F,"",false
b0000000-0000-4000-8000-000000000022,a0000000-0000-4000-8000-000000000011,0000000020,I,TL,VIE_CUST,"","",2026-09-30T15:00:00Z,L,"",false
b0000000-0000-4000-8000-000000000023,a0000000-0000-4000-8000-000000000012,0000000010,O,TF,CGN_DC,"","",2026-10-01T09:00:00Z,F,"",false
b0000000-0000-4000-8000-000000000024,a0000000-0000-4000-8000-000000000012,0000000020,I,TL,RTM_PORT,"","",2026-10-01T13:00:00Z,L,"",false
b0000000-0000-4000-8000-000000000025,a0000000-0000-4000-8000-000000000013,0000000010,O,TF,HAM_DC,"","",2026-10-02T10:00:00Z,F,"",false
b0000000-0000-4000-8000-000000000026,a0000000-0000-4000-8000-000000000013,0000000020,I,TL,MUC_PLANT,"","",2026-10-02T20:00:00Z,L,"",false
b0000000-0000-4000-8000-000000000027,a0000000-0000-4000-8000-000000000014,0000000010,O,TF,FRA_HUB,"","",2026-10-03T11:00:00Z,F,"",false
b0000000-0000-4000-8000-000000000028,a0000000-0000-4000-8000-000000000014,0000000020,I,TL,BER_DC,"","",2026-10-03T19:00:00Z,L,"",false
b0000000-0000-4000-8000-000000000029,a0000000-0000-4000-8000-000000000015,0000000010,O,TF,DUS_PLANT,"","",2026-10-04T12:00:00Z,F,"",false
b0000000-0000-4000-8000-000000000030,a0000000-0000-4000-8000-000000000015,0000000020,I,TL,STR_DC,"","",2026-10-04T18:00:00Z,L,"",false
b0000000-0000-4000-8000-000000000031,a0000000-0000-4000-8000-000000000016,0000000010,O,TF,HAM_PORT,"","",2026-10-05T13:00:00Z,F,"",false
b0000000-0000-4000-8000-000000000032,a0000000-0000-4000-8000-000000000016,0000000020,I,TL,LEI_DC,"","",2026-10-05T18:00:00Z,L,"",false
b0000000-0000-4000-8000-000000000033,a0000000-0000-4000-8000-000000000017,0000000010,O,TF,MUC_PLANT,"","",2026-10-06T06:00:00Z,F,"",false
b0000000-0000-4000-8000-000000000034,a0000000-0000-4000-8000-000000000017,0000000020,I,TL,VIE_CUST,"","",2026-10-06T13:00:00Z,L,"",false
b0000000-0000-4000-8000-000000000035,a0000000-0000-4000-8000-000000000018,0000000010,O,TF,CGN_DC,"","",2026-10-06T07:00:00Z,F,"",false
b0000000-0000-4000-8000-000000000036,a0000000-0000-4000-8000-000000000018,0000000020,I,TL,RTM_PORT,"","",2026-10-06T11:00:00Z,L,"",false
b0000000-0000-4000-8000-000000000037,a0000000-0000-4000-8000-000000000019,0000000010,O,TF,HAM_DC,"","",2026-10-07T08:00:00Z,F,"",false
b0000000-0000-4000-8000-000000000038,a0000000-0000-4000-8000-000000000019,0000000020,I,TL,MUC_PLANT,"","",2026-10-07T18:00:00Z,L,"",false
b0000000-0000-4000-8000-000000000039,a0000000-0000-4000-8000-000000000020,0000000010,O,TF,FRA_HUB,"","",2026-10-08T09:00:00Z,F,"",false
b0000000-0000-4000-8000-000000000040,a0000000-0000-4000-8000-000000000020,0000000020,I,TL,BER_DC,"","",2026-10-08T17:00:00Z,L,"",false
b0000000-0000-4000-8000-000000000041,a0000000-0000-4000-8000-000000000021,0000000010,O,TF,DUS_PLANT,"","",2026-10-09T10:00:00Z,F,"",false
b0000000-0000-4000-8000-000000000042,a0000000-0000-4000-8000-000000000021,0000000020,I,TL,STR_DC,"","",2026-10-09T16:00:00Z,L,"",false
b0000000-0000-4000-8000-000000000043,a0000000-0000-4000-8000-000000000022,0000000010,O,TF,HAM_PORT,"","",2026-10-10T11:00:00Z,F,"",false
b0000000-0000-4000-8000-000000000044,a0000000-0000-4000-8000-000000000022,0000000020,I,TL,LEI_DC,"","",2026-10-10T16:00:00Z,L,"",false
b0000000-0000-4000-8000-000000000045,a0000000-0000-4000-8000-000000000023,0000000010,O,TF,MUC_PLANT,"","",2026-10-11T12:00:00Z,F,"",false
b0000000-0000-4000-8000-000000000046,a0000000-0000-4000-8000-000000000023,0000000020,I,TL,VIE_CUST,"","",2026-10-11T19:00:00Z,L,"",false
b0000000-0000-4000-8000-000000000047,a0000000-0000-4000-8000-000000000024,0000000010,O,TF,CGN_DC,"","",2026-10-12T13:00:00Z,F,"",false
b0000000-0000-4000-8000-000000000048,a0000000-0000-4000-8000-000000000024,0000000020,I,TL,RTM_PORT,"","",2026-10-12T17:00:00Z,L,"",false
b0000000-0000-4000-8000-000000000049,a0000000-0000-4000-8000-000000000025,0000000010,O,TF,HAM_DC,"","",2026-10-13T06:00:00Z,F,"",false
b0000000-0000-4000-8000-000000000050,a0000000-0000-4000-8000-000000000025,0000000020,I,TL,MUC_PLANT,"","",2026-10-13T16:00:00Z,L,"",false
b0000000-0000-4000-8000-000000000051,a0000000-0000-4000-8000-000000000026,0000000010,O,TF,FRA_HUB,"","",2026-10-13T07:00:00Z,F,"",false
b0000000-0000-4000-8000-000000000052,a0000000-0000-4000-8000-000000000026,0000000020,I,TL,BER_DC,"","",2026-10-13T15:00:00Z,L,"",false
b0000000-0000-4000-8000-000000000053,a0000000-0000-4000-8000-000000000027,0000000010,O,TF,DUS_PLANT,"","",2026-10-14T08:00:00Z,F,"",false
b0000000-0000-4000-8000-000000000054,a0000000-0000-4000-8000-000000000027,0000000020,I,TL,STR_DC,"","",2026-10-14T14:00:00Z,L,"",false
b0000000-0000-4000-8000-000000000055,a0000000-0000-4000-8000-000000000028,0000000010,O,TF,HAM_PORT,"","",2026-10-15T09:00:00Z,F,"",false
b0000000-0000-4000-8000-000000000056,a0000000-0000-4000-8000-000000000028,0000000020,I,TL,LEI_DC,"","",2026-10-15T14:00:00Z,L,"",false
b0000000-0000-4000-8000-000000000057,a0000000-0000-4000-8000-000000000029,0000000010,O,TF,MUC_PLANT,"","",2026-10-16T10:00:00Z,F,"",false
b0000000-0000-4000-8000-000000000058,a0000000-0000-4000-8000-000000000029,0000000020,I,TL,VIE_CUST,"","",2026-10-16T17:00:00Z,L,"",false
b0000000-0000-4000-8000-000000000059,a0000000-0000-4000-8000-000000000030,0000000010,O,TF,CGN_DC,"","",2026-10-17T11:00:00Z,F,"",false
b0000000-0000-4000-8000-000000000060,a0000000-0000-4000-8000-000000000030,0000000020,I,TL,RTM_PORT,"","",2026-10-17T15:00:00Z,L,"",false
b0000000-0000-4000-8000-000000000061,a0000000-0000-4000-8000-000000000031,0000000010,O,TF,HAM_DC,"","",2026-10-18T12:00:00Z,F,"",false
b0000000-0000-4000-8000-000000000062,a0000000-0000-4000-8000-000000000031,0000000020,I,TL,MUC_PLANT,"","",2026-10-18T22:00:00Z,L,"",false
b0000000-0000-4000-8000-000000000063,a0000000-0000-4000-8000-000000000032,0000000010,O,TF,FRA_HUB,"","",2026-10-19T13:00:00Z,F,"",false
b0000000-0000-4000-8000-000000000064,a0000000-0000-4000-8000-000000000032,0000000020,I,TL,BER_DC,"","",2026-10-19T21:00:00Z,L,"",false
